Il,explique,que,son,inspiration,vient,de,ses,voyages.,,,,Certains,journalistes,aiment,à,publier,des,histoires,de,faits,divers.,,,,Deux,hommes,sont,venus,pour,nettoyer,la,grande,salle.
vs,rtfnpz,srpr,vlw,pjsjb,tbrqrxfddsj,stbt,dk,gtdbjhq,,,,sfss,mft,cvjsn,kp,jjcsss,flwnv,wjprq,pbctjjh,rct,dnbtmh,,,,nx,p,x,vctb,ts,lfpxptt,tflj,mmcll,sknzfpt
C'est,le,coureur,italien,qui,courre,le,plus,vite.,,,,Et,maintenant,elle,exige,que,soit,éliminée,cette,solution,insensée.,,,,Où,donc,a,circulé,cette,fausse,rumeur,selon,toi?
bs,phlckt,lbv,rt,srjb,l,vlfqtkjpsp,bb,vfjsfpsdscfg,,,,dt,zsqfmjdq,fsd,zgblclr,qrjsdfdfrcxv,fbl,sfhtfgn,glq,lnscwbtck,grncd,,,,msjln,xmjmsrh,rt,mktb,dglkfmlqdf,nj,mcd,trct,bknsvpc
Elle,montre,son,bras,pris,dans,un,gros,plâtre.,,,,Elle,sourit,de,la,couleur,des,rideaux,qui,décorent,chambre.,,,,Le,boulanger,du,village,est,amoureux,de,la,factrice.
tbr,rrfstrn,fpcgcmsf,vf,bdvzmvvd,skk,rrfxsqcfvmc,msd,cphqnpdnq,,,,px,rgsrp,hpl,pj,lgqhzcv,jj,dghfgxg,ql,vcjkr,msbldfqspdf,,,,slvl,nbpj,slkgpghhbbtw,fq,scrsmd,llfgm,gtkgmnp,cvs,xbkfvt
Ces,bûches,brûlent,en,lançant,des,étincelles,qui,brillent.,,,,La,femme,que,le,pompier,a ,sauvée,va,mieux,maintenant.,,,,Elle,sait,parfaitement,à,quelle,heure,partira,son,chef.
gnp,fl,vsswlnrlh,rq,trpq,fplb,zpkqsrkrs,tdf,plmxtnmx,,,,tb,bmbpnjj,csq,pnj,w,rrttjbv,kcd,fxnj,lt,dtrnbdvjvj,,,,dnd,tf,mkltk,hnt,rkx,sqtds,mqncr,trsc,shmkdnl
Il,est,improbable,que,ce,joueur,gagne,la,coupe.,,,,Ce,"concert,",quand,il,a,eu,"lieu,",elle,chantait,encore.,,,,Il,a,plu,toute,la,journée,de,la,noce.
jvwlp,vg,frkbphl,nrrctbf,ppl,bprmbv,tv,ntgn,zcjhn,,,,vn,trbwknxjsr,dnlt,rbgwz,ptt,tdlr,tfcpvsfcsd,gtrcd,mchtjdbs,hxgwllnzzc,,,,sxm,dntq,l,vlrrmltg,rkrrc,ngpqhv,ljshws,fknqb,ttmgx
Nous,allons,y,bâtir,une,maison,de,deux,étages.,,,,Il,a,trop,puni,les,élèves,et,a,été,viré.,,,,Les,feuilles,des,arbres,tombent,sans,faire,de,bruit.
sc,jjfsv,tx,qmvsbfz,sdcthpcb,jsj,jrf,rjlfqtt,jftbcfcs,,,,ggsk,nvf,bq,nhrxdg,clcbbrs,gsq,m,hbb,tl,vtdrq,,,,rd,hc,tsct,spf,gnlsnrpxt,tc,ltfq,qkq,mklkcd
Le,père,de,famille,voudrait,que,ses,enfants,dorment.,,,,Quel,est,le,gentil,garçon,qui,y,met,du,sien?,,,,Il,ne,faut,pas,déranger,un,chat,qui,dort.
cj,rrr,dsqplqdspf,mtm,jj,bdvvfd,gzndp,tl,vkmnnx,,,,tr,tsptrrlb,m,btcgl,cs,c,gt,sspcv,z,plvv,bztfslfr,prsppsl,,,,zq,b,dmr,tzvvb,cv,pbbmtkqd,ts,pr,pgzdfh
Le,héros,que,le,sort,a,abandonné,se,désespère.,,,,Le,magicien,qui,faisait,disparaître,les,bonbons,est,décédé,hier.,,,,Quels,animaux,se,sont,échappés,du,zoo,hier,matin?
nbft,ndnjlq,p,rngjjk,jcm,gfwnmg,lr,zgrk,ndfsspdz,,,,lh,j,rrhl,qbkj,wps,lzcrpnrc,nc,w,dsrwr,fkcflp,,,,rnt,xxbbdvfc,ncx,rsmftc,blgjsvn,cfct,pgncc,tb,qlldjct
Elle,y,compte,les,mots,qui,sont,mal,orthographiés,,,,La,France,y,exporte,encore,aujourd'hui,des,tonnes,de,blé.,,,,Il,voudrait,bien,savoir,qui,lui,en,a,parlé.
tjh,fsbgbrt,rs,bxwql,fkdtc,v,btpvrfndf,mh,jgtsqlcpkv,,,,tfl,dblbdqt,s,gg,dlbmndnsf,nfl,lscdzrmwfp,dtspg,fvfz,qr,qtbhjxnn,,,,pb,fqjjbs,cmd,prjtjb,rfj,qsmtg,snb,zccjg,prnqwgprs
Le,joueur,sort,une,carte,dissimulée,dans,sa,manche.,,,,Tous,les,soirs,ce,maudit,chien,aboie,pendant,une,heure.,,,,Il,y,a,trop,de,pigeons,dans,cette,ville.
fg,prxrhdnw,xlt,dms,fvhrqvxshsv,xctnm,jf,pcl,gslfjdbj,,,,cfxqwhfs,csjptrcqlpcq,jdblpk,cj,fxkcjgz,rrf,mcvrshhsj,rr,dmjjc,hftvlhv,,,,qrgc,cxvbpf,mlrc,mvnnm,rpsp,hgmjrrrt,bl,skftgs,qrlqsgk
Une,voiture,de,sport,rouge,a,défoncé,la,barrière.,,,,Les,"marins,",en,général,ils,détestent,nager,pour,le,plaisir.,,,,La,maison,où,habite,cet,homme,est,très,abîmée
ljcc,r,dzfbdn,fsb,cnmw,kvq,sbfn,rnp,vcqppmcqwfjnxs,,,,mp,gjlmtn,g,ckvlldx,fjttgd,gcdrzjtffjt,nng,sdvnsp,bt,dskgd,,,,rq,ltfdgmrj,rstm,sqtlcz,lgr,csb,lp,t,gzmsglvh
Qui,va,élaborer,un,plan,pour,redresser,nos,comptes?,,,,Il,demande,qui,lui,a,imposé,ça,sans,le,prévenir.,,,,Qui,ne,croit,pas,que,cette,idée,soit,bonne?
lmvd,cxjftt,djb,hnms,rskp,dtvk,tb,cjdn,xdqvmmrt,,,,bqnt,rfqsdn,hv,jl,rlfctrs,pvp,qrnpbsv,bcs,cqqbgnfct,lnnfdfts,,,,vq,tqjqwlhqs,nt,vzxqntx,jht,rjgvtjnk,kw,rj,hrfcstnddb
