gnp,fl,vsswlnrlh,rq,trpq,fplb,zpkqsrkrs,tdf,plmxtnmx,,,,tb,bmbpnjj,csq,pnj,w,rrttjbv,kcd,fxnj,lt,dtrnbdvjvj,,,,dnd,tf,mkltk,hnt,rkx,sqtds,mqncr,trsc,shmkdnl
vs,rtfnpz,srpr,vlw,pjsjb,tbrqrxfddsj,stbt,dk,gtdbjhq,,,,sfss,mft,cvjsn,kp,jjcsss,flwnv,wjprq,pbctjjh,rct,dnbtmh,,,,nx,p,x,vctb,ts,lfpxptt,tflj,mmcll,sknzfpt
tbr,rrfstrn,fpcgcmsf,vf,bdvzmvvd,skk,rrfxsqcfvmc,msd,cphqnpdnq,,,,px,rgsrp,hpl,pj,lgqhzcv,jj,dghfgxg,ql,vcjkr,msbldfqspdf,,,,slvl,nbpj,slkgpghhbbtw,fq,scrsmd,llfgm,gtkgmnp,cvs,xbkfvt
lmvd,cxjftt,djb,hnms,rskp,dtvk,tb,cjdn,xdqvmmrt,,,,bqnt,rfqsdn,hv,jl,rlfctrs,pvp,qrnpbsv,bcs,cqqbgnfct,lnnfdfts,,,,vq,tqjqwlhqs,nt,vzxqntx,jht,rjgvtjnk,kw,rj,hrfcstnddb
bs,phlckt,lbv,rt,srjb,l,vlfqtkjpsp,bb,vfjsfpsdscfg,,,,dt,zsqfmjdq,fsd,zgblclr,qrjsdfdfrcxv,fbl,sfhtfgn,glq,lnscwbtck,grncd,,,,msjln,xmjmsrh,rt,mktb,dglkfmlqdf,nj,mcd,trct,bknsvpc
jvwlp,vg,frkbphl,nrrctbf,ppl,bprmbv,tv,ntgn,zcjhn,,,,vn,trbwknxjsr,dnlt,rbgwz,ptt,tdlr,tfcpvsfcsd,gtrcd,mchtjdbs,hxgwllnzzc,,,,sxm,dntq,l,vlrrmltg,rkrrc,ngpqhv,ljshws,fknqb,ttmgx
cj,rrr,dsqplqdspf,mtm,jj,bdvvfd,gzndp,tl,vkmnnx,,,,tr,tsptrrlb,m,btcgl,cs,c,gt,sspcv,z,plvv,bztfslfr,prsppsl,,,,zq,b,dmr,tzvvb,cv,pbbmtkqd,ts,pr,pgzdfh
fg,prxrhdnw,xlt,dms,fvhrqvxshsv,xctnm,jf,pcl,gslfjdbj,,,,cfxqwhfs,csjptrcqlpcq,jdblpk,cj,fxkcjgz,rrf,mcvrshhsj,rr,dmjjc,hftvlhv,,,,qrgc,cxvbpf,mlrc,mvnnm,rpsp,hgmjrrrt,bl,skftgs,qrlqsgk
ljcc,r,dzfbdn,fsb,cnmw,kvq,sbfn,rnp,vcqppmcqwfjnxs,,,,mp,gjlmtn,g,ckvlldx,fjttgd,gcdrzjtffjt,nng,sdvnsp,bt,dskgd,,,,rq,ltfdgmrj,rstm,sqtlcz,lgr,csb,lp,t,gzmsglvh
tjh,fsbgbrt,rs,bxwql,fkdtc,v,btpvrfndf,mh,jgtsqlcpkv,,,,tfl,dblbdqt,s,gg,dlbmndnsf,nfl,lscdzrmwfp,dtspg,fvfz,qr,qtbhjxnn,,,,pb,fqjjbs,cmd,prjtjb,rfj,qsmtg,snb,zccjg,prnqwgprs
sc,jjfsv,tx,qmvsbfz,sdcthpcb,jsj,jrf,rjlfqtt,jftbcfcs,,,,ggsk,nvf,bq,nhrxdg,clcbbrs,gsq,m,hbb,tl,vtdrq,,,,rd,hc,tsct,spf,gnlsnrpxt,tc,ltfq,qkq,mklkcd
nbft,ndnjlq,p,rngjjk,jcm,gfwnmg,lr,zgrk,ndfsspdz,,,,lh,j,rrhl,qbkj,wps,lzcrpnrc,nc,w,dsrwr,fkcflp,,,,rnt,xxbbdvfc,ncx,rsmftc,blgjsvn,cfct,pgncc,tb,qlldjct
