Qui,va,élaborer,un,plan,pour,redresser,nos,comptes?,,,,Il,demande,qui,lui,a,imposé,ça,sans,le,prévenir.,,,,Qui,ne,croit,pas,que,cette,idée,soit,bonne?
Le,joueur,sort,une,carte,dissimulée,dans,sa,manche.,,,,Tous,les,soirs,ce,maudit,chien,aboie,pendant,une,heure.,,,,Il,y,a,trop,de,pigeons,dans,cette,ville.
Ces,bûches,brûlent,en,lançant,des,étincelles,qui,brillent.,,,,La,femme,que,le,pompier,a ,sauvée,va,mieux,maintenant.,,,,Elle,sait,parfaitement,à,quelle,heure,partira,son,chef.
Elle,montre,son,bras,pris,dans,un,gros,plâtre.,,,,Elle,sourit,de,la,couleur,des,rideaux,qui,décorent,chambre.,,,,Le,boulanger,du,village,est,amoureux,de,la,factrice.
Le,héros,que,le,sort,a,abandonné,se,désespère.,,,,Le,magicien,qui,faisait,disparaître,les,bonbons,est,décédé,hier.,,,,Quels,animaux,se,sont,échappés,du,zoo,hier,matin?
C'est,le,coureur,italien,qui,courre,le,plus,vite.,,,,Et,maintenant,elle,exige,que,soit,éliminée,cette,solution,insensée.,,,,Où,donc,a,circulé,cette,fausse,rumeur,selon,toi?
Il,est,improbable,que,ce,joueur,gagne,la,coupe.,,,,Ce,"concert,",quand,il,a,eu,"lieu,",elle,chantait,encore.,,,,Il,a,plu,toute,la,journée,de,la,noce.
Il,explique,que,son,inspiration,vient,de,ses,voyages.,,,,Certains,journalistes,aiment,à,publier,des,histoires,de,faits,divers.,,,,Deux,hommes,sont,venus,pour,nettoyer,la,grande,salle.
Elle,y,compte,les,mots,qui,sont,mal,orthographiés,,,,La,France,y,exporte,encore,aujourd'hui,des,tonnes,de,blé.,,,,Il,voudrait,bien,savoir,qui,lui,en,a,parlé.
Une,voiture,de,sport,rouge,a,défoncé,la,barrière.,,,,Les,"marins,",en,général,ils,détestent,nager,pour,le,plaisir.,,,,La,maison,où,habite,cet,homme,est,très,abîmée
Le,père,de,famille,voudrait,que,ses,enfants,dorment.,,,,Quel,est,le,gentil,garçon,qui,y,met,du,sien?,,,,Il,ne,faut,pas,déranger,un,chat,qui,dort.
Nous,allons,y,bâtir,une,maison,de,deux,étages.,,,,Il,a,trop,puni,les,élèves,et,a,été,viré.,,,,Les,feuilles,des,arbres,tombent,sans,faire,de,bruit.
